Unnamed: 0,Algorithm,ProofType,TotalCoinsMined,TotalCoinSupply,PC 1,PC 2,PC 3,class,CoinName
42,Scrypt,PoW/PoS,41.99995383,42.0,-0.32231553692457354,1.0597739931952022,-0.4805184453197478,0,
404,Scrypt,PoW/PoS,1055184902.0,532000000.0,-0.3056350122039919,1.0599238646565325,-0.4810397038706802,0,
1337,X13,PoW/PoS,29279424623.0,314159000000.0,2.3212886003195767,1.5946536883259845,-0.593474780605935,0,
BTC,SHA-256,PoW,17927175.0,21000000.0,-0.14178141656794163,-1.3702768176266344,0.16052993654455083,1,
ETH,Ethash,PoW,107684222.7,0.0,-0.13881650944878493,-2.1063384712076143,0.30796539933675376,1,
LTC,Scrypt,PoW,63039243.3,84000000.0,-0.16342496698007222,-1.1020837263035554,-0.011021561438714468,1,
DASH,X11,PoW/PoS,9031294.376,22000000.0,-0.38532294496168407,1.2693840047516072,-0.39278671839434626,0,
XMR,CryptoNight-V7,PoW,17201143.14,0.0,-0.1644243175481315,-2.2489427718085304,0.3224583883125849,1,
ETC,Ethash,PoW,113359703.0,210000000.0,-0.13725630310296766,-2.106434012254093,0.3079457059353663,1,
ZEC,Equihash,PoW,7383056.25,21000000.0,-0.13860879723710698,-2.1480501747926968,0.3082868445605692,1,
BTS,SHA-512,PoS,2741570000.0,3600570502.0,-0.37582245337601394,1.5965794801756856,-0.18878027153343463,0,
DGB,Multiple,PoW,11406219141.0,21000000000.0,0.16059129940414726,-1.8534498290953005,0.277634862516822,1,
BTCD,SHA-256,PoW/PoS,1288862.0,22000000.0,-0.2995011320487257,0.7915588374514986,-0.3089948924783162,0,
XPY,SHA-256,PoS,11995334.88,12500000.0,-0.2722173952946806,0.5634233496300498,-0.08511706991605812,0,
PRC,Scrypt,PoW,5768310.0,21000000.0,-0.16457257209159645,-1.1020759878494382,-0.010990487227521916,1,
KOBO,X15,PoW/PoS,25542535.59,350000000.0,-0.22830182961880827,1.8638933442987364,-0.5615973390527096,0,
SPR,X11,PoW,11149734.0,20000000.0,-0.22778789169891853,-0.8924566525518226,0.07674476803786603,1,
ARG,Scrypt,PoW,12205795.44,64000000.0,-0.16418858898381392,-1.10209356461408,-0.010996908832672115,1,
AUR,Scrypt,PoW/PoS,18135099.99,16768584.0,-0.32197472299639757,1.0597730222108401,-0.48052802574186043,0,
BLU,Scrypt,PoW/PoS,635423900.0,0.0,-0.3145449548833679,1.0600132577292836,-0.480806220920967,0,
XMY,Multiple,PoW,1688254250.0,2000000000.0,-0.09313144712737116,-1.848271519142079,0.2835852366208006,1,
MOON,Scrypt,PoW,88.0,384000000000.0,2.5612439963734435,-1.2806797928661966,-0.042296876293720385,1,
ZET,SHA-256,PoW,170204389.8,169795588.0,-0.1388629146454874,-1.3702886885469145,0.16044883953592023,1,
SXC,Scrypt,PoW,128940951.2,250000000.0,-0.16144061392854972,-1.1021361236856226,-0.011064942867580562,1,
QTL,Scrypt,PoW,7357794.793,100000000.0,-0.1639923091688739,-1.102112134914446,-0.010997648612564226,1,
ENRG,Scrypt,PoW/PoS,123062801.1,0.0,-0.3208106058443193,1.0598203316563044,-0.4805741789175453,0,
QRK,Quark,PoW,259557164.9,247000000.0,-0.22592332262570408,-0.4783297166209085,0.03706278197366019,1,
RIC,Groestl,PoW,49548585.14,84000000.0,-0.18665675362273193,-1.1839340372861233,0.11932430003658177,1,
DGC,Scrypt,PoW,33442988.34,48166000.0,-0.16404128628570577,-1.1020782029646359,-0.01100523581690607,1,
BTB,Scrypt,PoW/PoS,42579.4769,500000.0,-0.3223114675067124,1.059773776665005,-0.48051850535017787,0,
CAT,Scrypt,PoW,7219956.646,21000000.0,-0.164554819941361,-1.1020754412418066,-0.010991144660329959,1,
CBX,Scrypt,PoW/PoS,1039116.651,1000000.0,-0.32229573135244816,1.059773919337344,-0.4805189974386943,0,
CCN,Scrypt,PoW,4703879.518,13140000.0,-0.16464138753834795,-1.1020727327013562,-0.010989364268952433,1,
CRYPT,X11,PoW,4996986.206,18000000.0,-0.22787733160171592,-0.892458039059276,0.07674771761786177,1,
CSC,Scrypt,PoC,39999997300.0,40000000000.0,0.4458412872432149,0.2768000511532265,-0.5140731930717648,0,
DMD,Groestl,PoW/PoS,3304487.747,4380000.0,-0.3453108431128754,0.9779279690275547,-0.35018054727365927,0,
XVG,Multiple,PoW,15929530669.0,16555000000.0,0.18435147335293126,-1.849679087036693,0.2759487485014189,1,
DVC,SHA-256,PoW,18773857500.0,21000000000.0,0.23651540643530725,-1.3729724433158732,0.1503250153722146,1,
EAC,Scrypt,PoW,12539015187.0,13500000000.0,0.08438431761343573,-1.1036262185748538,-0.017765694667778338,1,
EFL,Scrypt,PoW,20910478.81,21000000.0,-0.16438739889097875,-1.1020702861691754,-0.01099734492845644,1,
EMC2,Scrypt,PoW,218871896.5,299792458.0,-0.15998737138871033,-1.1021254209602973,-0.01110973147342225,1,
EMD,Scrypt,PoW,19496786.31,32000000.0,-0.1643265973226172,-1.1020759349578526,-0.010997601606098481,1,
EXCL,PoS,PoS,5679705.0,0.0,-0.3685781862827561,1.5402625187494816,-0.11888247921512132,0,
FLT,Scrypt,PoS/PoW/PoT,461829905.3,0.0,-0.26123937112164614,0.2925935134573239,-0.29683248710892746,0,
FRK,Scrypt,PoW,1142732.149,11235813.0,-0.16469845464336272,-1.102073187925237,-0.010987596205159756,1,
FTC,NeoScrypt,PoW,208669093.0,336000000.0,-0.17202513252340465,-1.5971831067095486,0.2292320621104615,1,
GDC,Scrypt,PoW,884125802.0,1420609614.0,-0.14389525823543378,-1.1023962541511152,-0.011502406282123302,1,
GLC,Scrypt,PoW,65672720.47,70000000.0,-0.16349214899017672,-1.1020762228117125,-0.01102161257149621,1,
GLD,Scrypt,PoW,41658648.0,72245700.0,-0.16376987413461372,-1.1020863096978153,-0.011010920005744418,1,
HBN,Scrypt,PoW/PoS,89266933.68,120000000.0,-0.32037200834619395,1.0597517899904494,-0.4805686577853094,0,
HYP,X11,PoS,1678520091.0,0.0,-0.3378427391484649,1.0418789342598749,-0.16965911859723526,0,
IFC,Scrypt,PoW,90595753019.0,90600000000.0,1.5862751499915613,-1.1100963073036367,-0.05940322985523052,1,
IOC,X11,PoW/PoS,17650913.97,22000000.0,-0.38521753585098445,1.2693872504105024,-0.39279062211342936,0,
IXC,SHA-256,PoW,21089349.0,21000000.0,-0.1417427464218205,-1.3702756269315945,0.16052850443506203,1,
KGC,Scrypt,PoW,151447649.8,265420800.0,-0.16105590700888547,-1.102134821678131,-0.011076393259031776,1,
LKY,Scrypt,PoW,19326319.14,20000000.0,-0.1644138705922168,-1.102070417539825,-0.010996545943821906,1,
LTB,Scrypt,PoW,1104344.229,1350000.0,-0.16476910399448186,-1.1020686041536223,-0.010986772747191658,1,
MAX,SHA3,PoW/PoS,61445805.0,100000000.0,-0.35534380213835093,2.116132797465948,-0.46829951314610146,0,
MEC,Scrypt,PoW,38151999.99,42000000.0,-0.1640274726591248,-1.1020735618030977,-0.011006865704765872,1,
MED,HybridScryptHash256,PoW,40431856.9,200000000.0,-0.14538346913293745,-2.1917578167028084,0.3858303778591038,1,
MINT,Scrypt,PoS,21293925445.0,0.0,-0.034692411759025266,0.8396481373709339,-0.2662803039330137,0,
MINC,Scrypt,PoW,5804204.888,10000000.0,-0.16465022271221838,-1.102070857861043,-0.010989606562385212,1,
MZC,SHA-256,PoW/PoS,1613836100.0,2419200000.0,-0.26276348370242636,0.7910510122217321,-0.3099206588275605,0,
NAUT,Scrypt,PoS,16180000.0,16180000.0,-0.29478256168707667,0.831628621759301,-0.25664519553174486,0,
NAV,X13,PoW/PoS,66087096.21,0.0,-0.26619182504101807,1.7297795927532555,-0.5546284252999711,0,
NOBL,Scrypt,PoW,2366066306.0,15000000000.0,-0.029371838915519782,-1.1081544737915,-0.01328079944166335,1,
NMC,SHA-256,PoW,14736400.0,21000000.0,-0.14182043647497267,-1.3702780190911577,0.1605313816070735,1,
NYAN,Scrypt,PoW,334709223.5,337000000.0,-0.1583066613405157,-1.102099109693342,-0.011165226606185002,1,
OPAL,X13,PoW/PoS,15156364.33,0.0,-0.2668146556771282,1.7297604151339623,-0.5546053594015519,0,
ORB,NeoScrypt,PoW/PoS,3220616.279,3770000.0,-0.334419420024988,0.5647364497457246,-0.24018008611159564,0,
POT,Scrypt,PoW/PoS,222677226.0,420000000.0,-0.3166108214730303,1.0596624845680815,-0.4806535391514203,0,
PXC,Scrypt,PoW/PoS,73959274.63,98000000.0,-0.3207153844793889,1.059756258940807,-0.48055993129291835,0,
RDD,Scrypt,PoW/PoS,29315567169.0,0.0,0.036183794077945725,1.0708125698262498,-0.4937951030137833,0,
RPC,Scrypt,PoW,1104157.422,21000000.0,-0.1646296098958816,-1.1020777441042404,-0.010988374890517877,1,
SBC,Scrypt,PoW,24215181.73,250000000.0,-0.1627213027230832,-1.1021755574589651,-0.011017513862119762,1,
SMC,Scrypt,PoW,25593737.14,51200000.0,-0.16411573605523133,-1.1020825697626944,-0.01100192837539201,1,
SUPER,X11,PoS,50707661.75,0.0,-0.3577492163058378,1.041265992605647,-0.16892190248522226,0,
SYNC,X11,PoW/PoS,1177.0,1000.0,-0.38558954609696283,1.2693908370022797,-0.39278083500445976,0,
SYS,SHA-256,PoW,563336541.3,888000000.0,-0.12895674059741702,-1.3704747185076989,0.16021223366881418,1,
TES,Multiple,PoS,80260463.73,100000000.0,-0.2565868589445893,0.08570520331823989,0.03881801392356457,0,
TGC,SHA-256,PoW,43536800.0,47011968.0,-0.1412835767811223,-1.3702792735441973,0.1605162172901027,1,
TIT,PHI1612,PoS,1622326490.0,2300000000.0,-0.3172672631124406,1.612742731631768,-0.21582259084601563,0,
TOR,X11,PoW/PoS,1431851.0,10000000.0,-0.38550106699400966,1.2693867248393749,-0.39278229824064786,0,
TRC,SHA-256,PoW,22935396.0,42000000.0,-0.14157109105556748,-1.3702846996261868,0.16052595607855555,1,
UNB,SHA-256,PoW,2278150.0,80000000.0,-0.14155394399832538,-1.3703101530576458,0.16053221303367862,1,
UNO,SHA-256,PoW,200911.7915,250000.0,-0.14214549593469858,-1.3702738408024635,0.1605396564699468,1,
URO,X11,PoW,1207310.0,0.0,-0.22805145840280797,-0.8924510936265578,0.07675090160504072,1,
USDE,Scrypt,PoW/PoS,1098952593.0,1600000000.0,-0.29751799006630875,1.0594435821231076,-0.4811466086390443,0,
UTC,Scrypt,PoW/PoS,50235211.14,100000000.0,-0.3209913073485382,1.0597463955389939,-0.4805493500346815,0,
VIA,Scrypt,PoW,23150892.17,23000000.0,-0.16434580282733818,-1.102070372824537,-0.010998522660585822,1,
VRC,Scrypt,PoST,32021108.41,0.0,-0.27968673037708963,0.41552742287992656,-0.2967683056061879,0,
VTC,Lyra2REv2,PoW,51173723.82,84000000.0,-0.19673706368881616,-1.2704847285456082,0.22229643531567878,1,
WDC,Scrypt,PoW,119606941.0,265420800.0,-0.1614452862340422,-1.1021468110795958,-0.011061972995908085,1,
XC,X11,PoW/PoS,6950831.097,5500000.0,-0.38546552126212463,1.2693908960759959,-0.3927844307960335,0,
XCR,Multiple,PoS,100000000.0,0.0,-0.2570553699105052,0.08575914949146136,0.038817227963480055,0,
XJO,SHA-256,PoW,39195739.36,45000000.0,-0.14135094656885033,-1.370279972306502,0.16051834735524886,1,
XST,X13,PoW/PoS,33093725.41,0.0,-0.2665953001407122,1.729767169324786,-0.5546134830104872,0,
ZCC,Scrypt,PoW/PoS,147990238.0,1000000000.0,-0.31340671627398853,1.0593645840560828,-0.4806670065623449,0,
BCN,CryptoNight,PoW,184067000000.0,184467000000.0,3.8579384240182195,-2.3127418534787303,0.24372170725598136,1,
XDN,CryptoNight,PoW,6906587610.0,10000000000.0,0.4528978021730019,-2.298299888453112,0.33818121197915707,1,
BURST,Shabal256,PoC,1813033920.0,2158812800.0,-0.6024952690000467,0.26791039823316887,-0.7748604580971027,0,
SJCX,Counterparty,PoS,51173144.0,500000000.0,-0.3566346090174307,1.626487803612646,-0.2610947152696435,0,
MONA,Scrypt,PoW,68194674.87,105120000.0,-0.16321198934704015,-1.1020916086880406,-0.011025618359138652,1,
NTRN,SHA-256,PoW/PoS,39121694.0,68000000.0,-0.29871191888167237,0.7915516869886426,-0.30901577726249146,0,
FAIR,Groestl,PoW/PoS,53193831.0,0.0,-0.34473184144229946,0.9779487918053638,-0.3502027844022232,0,
NLG,Scrypt,PoW,415032420.0,1680000000.0,-0.14779036339013807,-1.1026935393113055,-0.011311109947953023,1,
RBY,Scrypt,PoS,27184490.39,0.0,-0.2947628507221696,0.8316402912908057,-0.25664886003934,0,
PTC,Scrypt,PoW,137517654.4,166386000.0,-0.16192930982318424,-1.1020940024843353,-0.011062009405522691,1,
KORE,X13,PoW/PoS,2022464.887,12000000.0,-0.26689008117141333,1.7297498880475393,-0.5546003896807739,0,
WBB,Scrypt,PoW,181919.2436,2628000.0,-0.16477131171718407,-1.1020695459275198,-0.010986459198295584,1,
NOTE,Scrypt,PoS,174646113.9,500000000.0,-0.28941001995955273,0.8314632500299715,-0.25675641274292144,0,
FLO,Scrypt,PoW,152270664.9,160000000.0,-0.1617942301794591,-1.10208547699417,-0.011068170157780619,1,
8BIT,Scrypt,PoW/PoS,1467841.0,0.0,-0.32229758754576615,1.0597745459044268,-0.48051911006433173,0,
STV,X13,PoW/PoS,7096834.0,10000000.0,-0.2668422249446098,1.7297527290342898,-0.5546025247231375,0,
ABY,Scrypt,PoW,792537250.0,1000000000.0,-0.1480012220912101,-1.1022351014231477,-0.011426631159898564,1,
FLDC,Stanford Folding,PoW,719416990.0,1000000000.0,-0.14785394359867055,-2.155722208765173,0.3643950336324314,1,
U,X11,PoS,2689812.0,20000000.0,-0.35819444432835973,1.0412386091351007,-0.16890178656142524,0,
UIS,Multiple,PoW,65113302.0,0.0,-0.12717890200420187,-1.8479524340692177,0.2844834137107413,1,
CYP,QuBit,PoW,6365285.0,0.0,-0.20144137750389496,-1.567648463614166,0.18688557585304844,1,
OMC,Scrypt,PoW,10140044.44,3371337.0,-0.1646442570667763,-1.1020661420146847,-0.01099102972045628,1,
VTR,Scrypt,PoW/PoS,11604722.0,20000000.0,-0.3220316428321264,1.059769060200617,-0.48052533169867606,0,
GRE,Scrypt,PoW,4610340641.0,10000000000.0,-0.03742192751950521,-1.104983738334545,-0.013889511939729348,1,
XCN,M7 POW,PoW,708506520.0,1840000000.0,-0.14449647714106845,-2.2302500771582996,0.364291345011042,1,
MSC,Scrypt,PoW,619478.0,619478.0,-0.1647802194254555,-1.102068446936175,-0.010986493591740216,1,
SOON,SHA-256,PoW,12462620.0,21000000.0,-0.14184824247326705,-1.3702788752674893,0.1605324113739071,1,
1CR,Scrypt,PoW,88213.0,92000000000.0,0.4883217227522079,-1.1448606736255262,-0.018487727641018633,1,
ISL,X11,PoW/PoS,1513704.0,0.0,-0.3855710565414658,1.2693914069991268,-0.39278151992768867,0,
NXS,SHA3,PoW/nPoS,63657220.0,78000000.0,-0.29982772527155793,2.447420828268316,-0.25475956806413796,0,
MARS,X11,PoW,32221574.82,33000000.0,-0.22743791700533952,-0.89245476483419,0.07673416486371115,1,
CTO,Lyra2RE,PoW,13742738.0,65789100.0,-0.15615381141450282,-2.255510463927234,0.3466349978829675,1,
ACP,SHA-256,PoW,14747200.0,53760000.0,-0.14158773943975536,-1.3702932528096254,0.16052870552062246,1,
DRZ,QUAIT,PoW/PoS,8568038.359,5060000.0,-0.381598951759333,1.9075692590393702,-0.5736553132135607,0,
BSC,X11,PoW,15863837.5,21000000.0,-0.22772314399349464,-0.892455342622198,0.07674255154039056,1,
SQL,X11,PoS/PoW,329200.0164,0.0,-0.34091571527707326,1.0562689179649378,-0.11791953928227289,0,
SONG,Scrypt,PoW,32565300.0,210240000.0,-0.16290144766758022,-1.1021539195568226,-0.011018053563903554,1,
ZNY,Scrypt,PoW,75614500.0,250000000.0,-0.16209274175582372,-1.102156203396666,-0.011040791977518272,1,
DIGS,Scrypt,PoS,100000000.0,100000000.0,-0.2931624864336578,0.831621196088071,-0.2566899911145629,0,
EXP,Ethash,PoW,10495278.0,16906397.0,-0.1398850112021013,-2.106382930778685,0.30800803648835384,1,
CON,X13,PoW/PoS,23042604.0,50000000.0,-0.2663632624223819,1.729740127950838,-0.55461300789779,0,
SC,Blake2b,PoW,33098296530.0,0.0,0.37860099057226937,-2.1519523972218595,0.3619697681752175,1,
EMC,SHA-256,PoW/PoS,43059794.8,1000000000.0,-0.29204744294829166,0.7911196650994766,-0.309093554491069,0,
EGC,X15,PoW/PoS,13530556.42,26298000.0,-0.23074670132520292,1.8640393860295796,-0.5615655048596516,0,
MND,X11,PoW,15867695.0,16000000.0,-0.22775859208308924,-0.8924530155004006,0.07674295748496149,1,
I0C,SHA-256,PoW,20997476.87,21000000.0,-0.14174386992378188,-1.3702756615254184,0.16052854604281308,1,
DCR,BLAKE256,PoW/PoS,10365046.93,21000000.0,-0.06699126735387408,0.9794382066083096,-0.39789853453584145,0,
RVR,Scrypt,PoW,210000000.0,210000000.0,-0.1607333069673289,-1.1020869961000788,-0.011098391975344115,1,
HODL,1GB AES Pattern Search,PoW,11448949.0,81962100.0,-0.16532315040351633,-2.1842189812099297,0.33664655063821625,1,
EDRC,SHA-256,PoW/PoS,3669691.845,22000000.0,-0.2994720169405759,0.7915597339367187,-0.30899597072670026,0,
HTC,X11,PoW/PoS,10996318099.0,26550000000.0,-0.06263602498110427,1.2611821216263182,-0.39992577314095357,0,
GAME,Scrypt,PoW,69836100.0,84000000.0,-0.16334184839084914,-1.1020811669935704,-0.011024639651019602,1,
DBIC,SHA-256,PoW/PoS,5129014.0,10500000.0,-0.2995358100313233,0.7915656324738587,-0.3089956939450058,0,
DIEM,SHA-256,PoW,21739971929.0,21626280000.0,0.2772339396521317,-1.3721468772141987,0.14893063302309067,1,
PWR,NIST5,PoW/PoS,10069449032.0,0.0,-0.2204265700901694,1.5415388078593817,-0.46865850511094176,0,
BLRY,Scrypt,PoW/PoS,8998743.241,42000000.0,-0.3219073321240641,1.0597578459922712,-0.4805259453261083,0,
GPU,Scrypt,PoS,40477042.0,221052632.0,-0.29303103218770304,0.831542477447161,-0.25667290433110734,0,
ADZ,X11,PoW,45110324.0,84000000.0,-0.22691824913534447,-0.8924736334903758,0.07672416925448354,1,
SOIL,Dagger,PoW,5702048.0,30000000.0,-0.15159605898720735,-2.2094473743709866,0.3955930424937407,1,
YOC,Scrypt,PoW,636462.5598,168351300.0,-0.1635892746991684,-1.1021464582899565,-0.011000177854309812,1,
SIB,X11GOST,PoW,17263355.0,24000000.0,-0.16067476803324063,-2.2558203076534107,0.35758751377081044,1,
ERC,X11,PoW/PoS,10407269.79,384000000.0,-0.38273626116163134,1.2692161444097492,-0.3928168584273427,0,
ZEIT,Scrypt,PoS,36971236047.0,99000000000.0,0.8598312290625675,0.7995030698410198,-0.2814526573480131,0,
SWING,SHA-256,PoW/PoS,4377081.61,40000000.0,-0.2993355833426613,0.791551627890089,-0.3089977587844799,0,
SAFEX,Scrypt,PoC,2147483647.0,2147483647.0,-0.2857731515011137,0.280153432528741,-0.4938438274231982,0,
NEBU,PoS,PoS,20000000.0,20000000.0,-0.3682610827047816,1.5402586082816463,-0.11889059546591478,0,
FRN,Scrypt,PoW,6570807.657,20000000.0,-0.1645698574205542,-1.1020752205405688,-0.01099076913046618,1,
BOLI,X11,PoW,13654082.5,25000000.0,-0.22772177082138614,-0.8924580352257787,0.07674322615782557,1,
XRA,X11,PoW/PoS,134554941.2,75000000.0,-0.3834116696629726,1.2694066177292551,-0.3928478880319777,0,
REV,SHA-256,PoW/PoS,1195525.0,222725000.0,-0.2980773161368413,0.7914654383127702,-0.30901121698582285,0,
CKC,SHA-256,PoW/PoS,16662820.0,525000000.0,-0.2957423008597565,0.7913306640806472,-0.30904286892715754,0,
VIP,NIST5,PoW/PoS,83450403.0,90000000.0,-0.34190618082860214,1.5377367862209512,-0.46414330831428313,0,
BSD,X11,PoW/PoS,24387724.5,139000000.0,-0.38430456241382527,1.2693353664493097,-0.39280321311466837,0,
OMNI,Scrypt,PoW,616448.0,616448.0,-0.16478027798937853,-1.1020684466677448,-0.010986491972429348,1,
LIR,POS 3.0,PoS,38589808.67,33500000.0,-0.35287039598560094,1.4473930025039952,-0.15439266552269054,0,
PUT,Scrypt,PoW/PoS,813092338.6,2000000000.0,-0.29817414688116456,1.0591498898538514,-0.4810497613929204,0,
IBANK,Scrypt,PoW/PoS,4526324.0,44333333.0,-0.32194546077256797,1.059755076621171,-0.48052411007880624,0,
FRWC,Scrypt,PoW/PoS,100000000.0,100000000.0,-0.3203827350002243,1.059765134130405,-0.48057188789193034,0,
MUDRA,X13,PoS,5000000.0,200000000.0,-0.238298798519305,1.5015196260107224,-0.33073517059582075,0,
PIZZA,X11,PoW,1377917.0,25000000.0,-0.22787189573978256,-0.8924626577320665,0.07674878588131574,1,
LC,X11,PoS,657000000.0,657000000.0,-0.34567080504661724,1.0411886949017353,-0.16925005545921704,0,
KMD,Equihash,dPoW/PoW,115898131.0,200000000.0,-0.20392328328647263,-1.840915616742865,0.2639848951661778,1,
GB,X11,PoW/PoS,15563873.0,50000000.0,-0.3850442847503463,1.2693734408014994,-0.3927919599912682,0,
CTC,Scrypt,PoW/PoS,43165500.0,90000000.0,-0.32114875319355934,1.0597483848261053,-0.4805453328667929,0,
KRB,CryptoNight,PoW,7822432.724,10000000.0,0.2976134415460103,-2.2962508841452656,0.34212014517213774,1,
BXT,SHA-256,PoW/PoS,595429.0,21000000.0,-0.299516711075973,0.7915590414778941,-0.3089944968927716,0,
ZYD,SHA-256,PoW,6243840.0,9736000.0,-0.14200425550528248,-1.3702759776388735,0.1605361462300415,1,
MST,X11,PoW/PoS,657636.3455,3000000.0,-0.38556022821351105,1.269389689251128,-0.39278137684018916,0,
ZNE,Scrypt,PoW/PoS,2581970.0,21000000.0,-0.3221348827862825,1.0597651976111098,-0.48052132694423016,0,
COVAL,Multiple,PoW,1000000000.0,1200000000.0,-0.107227333056914,-1.848158569494875,0.2839621691100305,1,
ROOT,Scrypt,PoW/PoS,1939889.0,0.0,-0.32229181488267544,1.0597747236508779,-0.4805193238490315,0,
DOPE,Scrypt,PoW,116845228.0,200000000.0,-0.16194348485125581,-1.102117421554776,-0.011055387948325909,1,
BTCR,Scrypt,PoS,169598616.0,0.0,-0.2930212719705877,0.8316939163572866,-0.256713357635065,0,
DLC,SHA-256,PoW,9106714.0,10638298.0,-0.141962840030376,-1.3702753193325674,0.16053477609796224,1,
SCN,Scrypt,PoW/PoW,665200057.0,3100000000.0,-0.23911476506130389,0.47418467988044594,-0.21189823272659272,0,
SH,Scrypt,PoW,11119200.0,30000000.0,-0.16444324471953498,-1.102078159213056,-0.010993644424261274,1,
BUZZ,SHA-256D,PoW/PoS,19577787259.0,20000000000.0,0.06406540179946828,1.847696491656779,-0.6161929454426451,0,
XPO,PoS,PoS,74033806.79,74000000.0,-0.36721695580489216,1.5402538371143637,-0.11891946977769191,0,
PSB,Scrypt,PoW/PoS,33522957.0,0.0,-0.3219055863403663,1.0597866160394587,-0.4805336274298238,0,
HALLO,X11,PoW/PoS,264678458.3,1500000000.0,-0.37170424253654716,1.2687927991057149,-0.3930230114648735,0,
XZC,Lyra2Z,PoW,7568281.25,21400000.0,-0.14747267668204925,-2.2752318610854205,0.36725579146439885,1,
CFC,PoS,PoS,148716816.0,39999898.0,-0.36654502767973196,1.5402977730900453,-0.11895052047758625,0,
ROYAL,X13,PoS,2500124.0,2500124.0,-0.23973143144275674,1.5016105485784406,-0.3307179346254089,0,
GNJ,X14,PoW/PoS,100000000.0,100000000.0,-0.39381684727433025,1.8390292489721078,-0.6137177292392514,0,
TEAM,PoS,PoS,17818682.17,301000000.0,-0.3662929242125325,1.540127084307675,-0.11891251984113053,0,
LANA,SHA-256D,PoW/PoS,1082162636.0,7506000000.0,-0.25081268825534425,1.8465434729093093,-0.6067977661223104,0,
ELE,Ethash,PoW,26205539.0,26205539.0,-0.1396268757184735,-2.106381340532967,0.30800016326910573,1,
ZCL,Equihash,PoW,5613550.0,21000000.0,-0.1386304364844258,-2.1480508410881924,0.3082876459480594,1,
ARK,DPoS,DPoS,108202084.0,125000000.0,3.672331308355593,1.8264611216929194,-0.705247968829209,0,
INSANE,X11,PoW/PoS,18342813.0,30000000.0,-0.385152282214607,1.2693837898695073,-0.39279158777247675,0,
KLC,Scrypt,PoW,196297971.0,10000000000.0,-0.09140114404539716,-1.106645815959317,-0.011890446619324485,1,
ATX,X11,PoW,824000000.0,500000000.0,-0.21444002105433188,-0.8923738435860064,0.07633749981576984,1,
EMB,X13,PoW/PoS,92192822723.0,850000000.0,0.866457896953995,1.7640739221605217,-0.5964207917617325,0,
XEN,X11,PoW/PoS,3853326.777,3853326.777,-0.3855150903841411,1.2693904956553623,-0.39278289370768177,0,
FRE,PoS,PoS,50000000.0,50000000.0,-0.3676812418839443,1.5402559505610913,-0.11890662824430336,0,
PLNC,Scrypt,PoW/PoS,17089600.0,38540000.0,-0.32183295196264516,1.0597625019122763,-0.4805293274524676,0,
ARCO,Scrypt,PoW/PoS,2449577.415,42000000.0,-0.32198742170783484,1.0597553799486026,-0.4805229792899231,0,
KURT,X11,PoW,61364813.0,228000000.0,-0.22569720982866304,-0.8925344922488573,0.07670506627984743,1,
XCRE,PoS,PoS,20000000.0,20000000.0,-0.3682610827047816,1.5402586082816463,-0.11889059546591478,0,
ENT,X11,PoW/PoS,6069482.077,60000000.0,-0.3850894008918446,1.2693652144148695,-0.3927884754822414,0,
EUC,SHA-256,PoW/PoS,12416554.0,20000000.0,-0.2993792498889516,0.7915639577756449,-0.3089997689957314,0,
BCF,Scrypt,PoW/PoS,20244023.64,33000000.0,-0.32183370534673417,1.0597662665305208,-0.4805303043296357,0,
XSN,X11,TPoS,75590369.0,76500000.0,-0.39949608422511573,0.9189168106170506,0.028428342047509592,0,
BCCOIN,Scrypt,PoW/PoS,11080722.38,28000000.0,-0.32198125838968483,1.059765141821287,-0.4805257466922662,0,
MONEY,Scrypt,PoW/PoS,10914418.0,650659833.0,-0.3175629972322276,1.059475459031184,-0.48057644200991534,0,
XNG,X11,PoW/PoS,814671.0,5000000.0,-0.3855441097355343,1.269388818113742,-0.39278161103587567,0,
XCI,CryptoNight,PoW,978145.0,21000000.0,0.29760783250229217,-2.29625857778749,0.3421223479438917,1,
RC,Scrypt,PoW/PoS,8377873.0,144000000.0,-0.32119082136814786,1.0597101685544728,-0.4805339810499901,0,
PND,Scrypt,PoS,33813143822.0,32514916898.0,0.34922989860628306,0.8292383748734817,-0.27460131466554005,0,
UNITS,Scrypt,PoW/PoS,3472983.0,13000000.0,-0.322180779031353,1.0597692541868213,-0.4805210781664593,0,
GAKH,Scrypt,PoW/PoS,3315789.0,3315789.0,-0.3222514500758324,1.0597736994509022,-0.4805202173409752,0,
ASAFE2,Quark,PoS,10517772.74,15000000.0,-0.36091889572723657,1.4553828675640712,-0.20845590027019126,0,
LTCR,QuBit,PoW/PoS,30227750.0,78835200.0,-0.35811325381478415,0.5941662379686006,-0.28266394202235967,0,
OS76,Scrypt,PoW,894026.0,2714286.0,-0.16476199083276316,-1.1020693179231238,-0.010986788738251955,1,
BIC,CryptoNight,PoW,9357088.0,25000000.0,0.29773869459528335,-2.2962572832891466,0.34211822707099304,1,
HXX,Lyra2RE,PoW,1876146.444,9999999.0,-0.15669497742446048,-2.2554889828115594,0.3466449210648874,1,
KED,Scrypt,PoW/PoS,23965372.0,500000000.0,-0.3184729395198963,1.0595504502679125,-0.4805700680763101,0,
IOP,SHA-256,PoW/PoS,2526078.475,21000000.0,-0.29949310121221817,0.7915597684507699,-0.3089953712600352,0,
KUSH,X11,PoW/PoS,5659096.957,9354000.0,-0.38545395809773975,1.269388617056444,-0.3927841600342946,0,
PRX,Scrypt,PoW/PoS,11821728.0,20000000.0,-0.32202898907122346,1.0597691419127444,-0.4805254299780087,0,
PAC,X11,PoW,536982074.0,100000000000.0,0.4884057749727489,-0.9387627369341064,0.06835442414253651,1,
IMPCH,Scrypt,PoW/PoS,308179.0,21933333.0,-0.32215606313906014,1.0597639073058585,-0.4805203732748168,0,
CTL,CryptoNight-V7,PoW,10969318.52,185000000.0,-0.16318720164830017,-2.2490311681229618,0.3224461260402229,1,
ZBC,Scrypt,PoS,2922613.964,55000000.0,-0.2946691007057881,0.8316055732848172,-0.2566423567430783,0,
FRST,Scrypt,PoW/PoS ,110000000.0,110000000.0,-0.26492100441226535,0.5409008172925163,-0.20950419936870465,0,
BVC,Scrypt,PoW,3115258.0,3360000.0,-0.16473024348500312,-1.1020687818768256,-0.010987847357179118,1,
FIND,X13,PoS,14524851.48,14524851.48,-0.2394990171810118,1.5016094832995945,-0.33072436095177166,0,
VLTC,X11,PoW,30385540.0,1000000000.0,-0.22059558599082707,-0.892905240619666,0.07665614882863082,1,
ZER,Equihash,PoW,6921653.9,17000000.0,-0.13864283592510415,-2.1480484879951756,0.3082873796772531,1,
CHAT,Scrypt,PoW/PoS,1000000000.0,1000000000.0,-0.3029875103751086,1.059685402513759,-0.4810528712435899,0,
CDN,Scrypt,PoW,99843408.32,100000000.0,-0.16286130493277215,-1.1020773100882384,-0.011039534202818033,1,
ZOI,Lyra2RE,PoW,18545757.5,21000000.0,-0.1564130355857245,-2.2554878224562347,0.3466364746826864,1,
RNS,Scrypt,PoS,36050365.0,34426423.0,-0.2944100351783123,0.8316276167804563,-0.25665568235686576,0,
DBIX,Dagger-Hashimoto,PoW,2232901.0,2232901.0,-0.1459322953494148,-2.236948129414791,0.26072440917309847,1,
XVP,X11,PoW/PoS,13162749.09,100000000.0,-0.384718695405458,1.26934927998187,-0.3927949494678029,0,
TAJ,Blake2S,PoW/PoS,12184195.93,36900000.0,-0.3917458912346651,1.9336828099383705,-0.5681376839050037,0,
IMX,X11,PoW/PoS,110630387.9,110000000.0,-0.38345577558204635,1.2693813294171128,-0.3928399067388463,0,
EB3,Scrypt,PoW,64096052.0,4000000000.0,-0.1356121534174762,-1.1039047925509624,-0.011341344103652902,1,
ATMOS,PoS,PoS,111135836.9,110290030.0,-0.3665056111832387,1.5402509279088377,-0.11893923185612001,0,
HPC,X11,PoW/PoS,21521322.01,100000000.0,-0.3846164786279533,1.2693524273454238,-0.392798734962077,0,
CXT,NIST5,PoW,10123200.0,48252000.0,-0.1855759235690415,-0.6241137914834823,0.005425587501181104,1,
MCRN,PoS,PoS,401421401.0,400000000.0,-0.3608990500305174,1.5402254790401246,-0.11909432106043408,0,
RAIN,X11,PoW/PoS,121665451.6,500000000.0,-0.38055219756282355,1.2692040823910116,-0.3928767043263139,0,
IMS,Scrypt,PoW/PoS,5368934.0,21212121.0,-0.32209929521565994,1.059766148358714,-0.4805226064217382,0,
ARGUS,Scrypt,PoW/PoS,1148324.0,28600000.0,-0.32209846200751735,1.0597611227641905,-0.48052129735490134,0,
LMC,Scrypt,PoW/PoS,500000.0,1000000000.0,-0.31521037067601027,1.0593090476141447,-0.4806002100581134,0,
PROC,SHA-256,PoS,100545745.0,75000000000.0,0.26120569025180546,0.5285774676283164,-0.09127152784725948,0,
XGR,X11,PoW/PoS,17171382.0,40000000.0,-0.38509561708904283,1.2693786974365995,-0.3927918726290383,0,
BENJI,Scrypt,PoW,20276099.15,35520400.0,-0.16429207562086692,-1.1020772789701523,-0.010998241594734209,1,
GRW,Scrypt,PoS,295135466.4,2000000000.0,-0.2772879798461562,0.8308109186883142,-0.25693328835562734,0,
ILC,SHA-256,PoW,1317747500.0,2500000000.0,-0.10828739525587504,-1.370940445989378,0.15973913051121677,1,
PHR,PoS,PoS,11390225.97,30000000.0,-0.36829538088859826,1.5402507149914662,-0.11888751158893596,0,
DEA,Scrypt,PoW/PoS,21358764.0,105000000.0,-0.32130894142972394,1.0597331966407328,-0.4805366799405783,0,
HTML5,X15,PoW/PoS,40659020000.0,90000000000.0,0.9050340050186746,1.8374943525371663,-0.5873096484502798,0,
USC,SHA-256,PoS,10343113.0,200084200.0,-0.27090593017674225,0.5633354757348449,-0.08513161694517128,0,
EQT,Scrypt,PoW,13673406.43,72000000.0,-0.1641138491854348,-1.1020967330660336,-0.01099822580207015,1,
QTUM,POS 3.0,PoS,100000000.0,100000000.0,-0.35164732530798126,1.447385194690735,-0.15442589973673634,0,
QRL,CryptoNight-V7,PoW,69036016.83,105000000.0,-0.1630450296644631,-2.24897209279573,0.32242635141624415,1,
ESP,536,PoW/PoS,22801882871.0,50000000000.0,0.6114952064747057,1.8570396039650483,-0.699591603644279,0,
DYN,Argon2d,PoW,19784224.65,0.0,-0.15965979284496626,-2.2280788786850794,0.2483939327909615,1,
NANO,Blake2b,PoW,133248297.0,340282367.0,-0.02211207075106521,-2.1645234378718743,0.3768714846674063,1,
CHAN,Cloverhash,PoW,18407259.09,30000000.0,-0.16130912447652457,-2.0808137055742915,0.3538663277816485,1,
DCY,CryptoNight,PoW,1809467143.0,2000000000.0,0.3337728239056004,-2.296498103506844,0.3411419413196505,1,
DNR,NIST5,PoW/PoS,4171382.0,10000000.0,-0.3434436061834875,1.537744144955483,-0.4641008807610501,0,
DP,X11,PoW,35138975.0,100000000.0,-0.22692660366970369,-0.8924848302754511,0.07672738054202091,1,
VUC,NIST5,PoW/PoS,62942075.0,120000000.0,-0.3419440050774759,1.537715109934399,-0.46413646649574436,0,
BTPL,Skein,PoW/PoS,6804362.0,100000000.0,-0.38375483196342774,1.9121783968866928,-0.5878858498384785,0,
UNIFY,Scrypt,PoW,18133195.0,19276800.0,-0.16443359531206495,-1.1020705304177676,-0.010995946624147945,1,
BRIT,X13,PoW/PoS,21268092.0,30000000.0,-0.26652694393635046,1.7297487624475893,-0.5546105734769172,0,
SOCC,Scrypt,PoW,5167775.0,75000000.0,-0.16419656718003187,-1.102101331205035,-0.010994618321766923,1,
ARC,X11,PoW,26042364.37,60000000.0,-0.2273218079946746,-0.8924696501878103,0.07673476181712376,1,
DAS,X11,PoW,2622886.0,18900000.0,-0.2278999752659643,-0.8924593516309669,0.07674871943399046,1,
LINDA,Scrypt,PoW/PoS,9044930943.0,50000000000.0,0.1432473233746733,1.0399231073613633,-0.4886916984790764,0,
XLC,CryptoNight,PoW,14161803.0,54000000.0,0.29800332385849887,-2.296268962988358,0.34211368646381424,1,
ONION,X13,PoW/PoS,21917018.05,18898187.62,-0.26659782058578607,1.7297541706250672,-0.5546099621444002,0,
BTX,Time Travel,PoW,17801865.16,21000000.0,-0.16813155102448388,-2.0629384212722766,0.4601835958739398,1,
GCN,Scrypt,PoW,163055000000.0,200000000000.0,3.2490138059811806,-1.1336979165487198,-0.10113941832023354,1,
SMART,Keccak,PoW,2241009149.0,5000000000.0,-0.11431090965753424,-1.2419234096255005,0.15283448289367954,1,
SIGT,SkunkHash v2 Raptor,PoS,107972766.0,137500000.0,-0.379336459884639,1.4873682255003788,-0.16892464986129607,0,
ONX,X11,PoW,122475638.4,1100000000.0,-0.21875951324194726,-0.8929170781076147,0.07660628853058579,1,
CRM,Skein,PoW/PoS,47331802.48,100000000.0,-0.38325922291556386,1.9121936572176526,-0.5879042042149181,0,
BCH,SHA-256,PoW,17995589.65,21000000.0,-0.14178057992691254,-1.3702767918655518,0.16052990556039923,1,
XMCC,X11,PoW/PoS,12569262.54,9507271.0,-0.3853683657781553,1.2693911477405748,-0.39278730206026286,0,
DFT,Scrypt,PoS,18663297.35,17405891.2,-0.29474349084031426,0.8316289866244587,-0.2566464201435001,0,
VET,VeChainThor Authority,Proof of Authority,55454734800.0,86712634466.0,4.571729654014491,3.1575390479068437,16.143773182993343,3,
SOJ,Scrypt,PoW,485214.0,10500000000.0,-0.09024620702750481,-1.1069521148439805,-0.011842534602521142,1,
STCN,PoS,PoS,4000000.0,61599965.0,-0.3681614259628269,1.5402332340387621,-0.11888674125497924,0,
NYC,Scrypt,PoW,143007000000.0,0.0,1.5840368048366333,-1.0482200827724601,-0.07575226372860691,1,
FRAZ,Scrypt,PoW,9704042.0,20000000.0,-0.16453154117676783,-1.1020740407425733,-0.010992188133539658,1,
KRONE,Scrypt,PoW,17453749.4,84000000.0,-0.16398243083568823,-1.1021008912099803,-0.01100091633243968,1,
ACC,Scrypt,PoW,32646731.06,100000000.0,-0.16368305140484193,-1.1021026125381876,-0.01100910165895746,1,
LINX,Scrypt,PoW,33716526.0,100000000.0,-0.16366996890949187,-1.1021022097142088,-0.01100958615585186,1,
XCXT,Scrypt,PoW/PoS,19539588.0,48252000.0,-0.3217340451225731,1.0597589070585143,-0.4805312289218593,0,
ETHD,Scrypt,PoW/PoS,4200000.0,4200000.0,-0.32223436002143124,1.0597736211180446,-0.48052068988627555,0,
SUMO,CryptoNight,PoW,8946653.0,88888888.0,0.29818722597075514,-2.296287154720496,0.3421132035595246,1,
ODN,SHA-512,PoS,25000000.0,91388946.0,-0.4339551837707043,1.5971888134429177,-0.1872638378282151,0,
ADA,Ouroboros,PoS,25927070538.0,45000000000.0,0.6432061716417258,1.4241694417092543,-0.24958296577216474,0,
REC,X11,PoW/PoS,7262402.043,27000000.0,-0.3853090814385631,1.269381013017996,-0.3927863249764761,0,
BTCZ,Equihash,PoW,5211553258.0,21000000000.0,0.07396389288188626,-2.155848623214094,0.30421934790317007,1,
TZC,NeoScrypt,PoW/PoS,182638400.0,400000000.0,-0.32941246687031434,0.5646197082990699,-0.24029365013366188,0,
ELM,X11,PoW,2702855669.0,1800000000.0,-0.182234774102457,-0.8922710473274462,0.07538058951395937,1,
TER,Scrypt,PoW/PoS,1140734.917,15733333.0,-0.3221898959596936,1.059767104629013,-0.48052024479152694,0,
VIVO,NeoScrypt,PoW,4165967.575,27000000.0,-0.17671960333339445,-1.5971163846032999,0.22934987438607,1,
RUP,Lyra2REv2,PoS,24000000.0,24000000.0,-0.32779841008328403,0.6632313946184141,-0.023336751735251654,0,
BTG,Equihash,PoW,17202361.09,21000000.0,-0.13848871720578004,-2.1480464774005137,0.3082823975188783,1,
WOMEN,Scrypt,PoW/PoS,48459472454.0,25000000000.0,0.44777044348133227,1.0663927302223495,-0.5045035988186243,0,
MAY,SHA-256,PoW/PoS,92050800.0,100000000.0,-0.29783748049649716,0.7915567327986607,-0.30904235742597236,0,
NAMO,NIST5,PoW/PoS,560563220.0,1200000000.0,-0.3281916318623685,1.5374001412135219,-0.46444989433874656,0,
LUX,PHI1612,PoW/PoS,8305775.318,60000000.0,-0.3801272080700351,1.8413208210340657,-0.43879087177820925,0,
PIRL,Dagger,PoW,33986980.0,156306732.7,-0.1503535051311367,-2.209495473410659,0.39556993375953203,1,
XIOS,Scrypt,PoW/PoS,2149688.0,21000000.0,-0.32214016915196203,1.0597650348382746,-0.4805211311690604,0,
BTDX,Quark,PoW/PoS,30711550.53,200000000.0,-0.38657887036833427,1.6834483596721068,-0.43236202714835315,0,
EBST,Scrypt,PoW,99990001.49,100000000.0,-0.16285951224859216,-1.1020772548895807,-0.01103960059305132,1,
KEK,POS 2.0,PoS,12330806.31,21000000.0,-0.3792251559992256,1.517947670417597,-0.1383847711906469,0,
BLHC,Scrypt,PoW/PoS,16362544.99,14788275.99,-0.3220104578374771,1.0597732758756608,-0.48052706150264657,0,
XIN,SHA-256,PoS,8999999990.0,9000000000.0,-0.09850057797079874,0.5626273308715884,-0.08992045166038955,0,
PURA,X11,PoW,175215859.0,350000000.0,-0.2234388438436087,-0.8925483687454284,0.0766435568748584,1,
INN,NeoScrypt,PoW,6375259.04,45000000.0,-0.17656480301745595,-1.5971239251191,0.22934740613559018,1,
ELLA,Ethash,PoW,12756367.0,280000000.0,-0.13798964508242395,-2.10650445312321,0.30798556025951535,1,
GBX,NeoScrypt,PoW,5832306.875,31800000.0,-0.17666515025975593,-1.5971179897971266,0.22934872833769337,1,
MAG,X11,PoW/PoS,38198594.83,144000000.0,-0.38410017436589033,1.269338241168938,-0.3928098755785755,0,
TAU,DPoS,DPoS,288090567.5,500000000.0,3.6771933047998733,1.826354432276823,-0.7053600149669131,0,
ECA,NIST5,PoW/PoS,28399150208.0,30000000000.0,0.21669846065644954,1.5344867159764632,-0.47940594953208965,0,
BCD,X13,PoW/PoS,183534024.9,210000000.0,-0.26326476847078717,1.7297261384823963,-0.554698738607643,0,
XSH,Multiple,PoW,481730566.6,660000000.0,-0.11739872528089663,-1.8481025480284277,0.284240917616236,1,
CNBC,Scrypt,PoW/PoS,110976977.3,210000000.0,-0.31946760203854696,1.0597181027120484,-0.48058582844402603,0,
XUN,CryptoNight,PoW,19281821413.0,85000000000.0,1.1366631673199525,-2.3285251178997703,0.3264612479053453,1,
COAL,CryptoNight,PoW,4500000.0,12500000.0,0.29759055923142524,-2.2962532980192605,0.34212144601502464,1,
DAXX,Ethash,PoW,520891780.0,10000000000.0,-0.0627728789187912,-2.110834219287243,0.3069628795757419,1,
BWK,NIST5,PoS,13247178.88,27716121.0,-0.31598660225132374,1.309595383974806,-0.24022453884250589,0,
KLKS,Quark,PoS,16955764.9,20000000.0,-0.36080467042055986,1.4553829660767732,-0.208459223648783,0,
AC3,X11,PoW,80316207.0,550000000.0,-0.22317955878074583,-0.8926771293326107,0.07667022808987355,1,
LTHN,CryptoNight-V7,PoW,441250233.4,999481516.0,-0.15214326008657256,-2.249247991711239,0.32218484568471306,1,
GER,Scrypt,PoW/PoS,4911500269.0,50000000000.0,0.09269970387315904,1.038366692267441,-0.4868197188602904,0,
LTCU,Scrypt,PoW/PoS,8419402.321,150000000.0,-0.32114771919169083,1.059707393388917,-0.4805344890880079,0,
POP,Scrypt,PoW,3964201249.0,4999999999.0,-0.0808188127258168,-1.1029013684279692,-0.013189191817223425,1,
PNX,X11,PoW/PoS,45174214.11,50000000.0,-0.38468218063543913,1.2693845903732404,-0.39280537014845596,0,
PHO,BLAKE256,PoW,30089671531.0,90000000000.0,1.0971368097733247,-1.2129303004574379,0.05067446620539011,1,
SUCR,X11,PoW,4229040.504,19800000.0,-0.2278739444957132,-0.8924591654649277,0.07674791864199976,1,
SPK,NeoScrypt,PoW,7847417.334,21000000.0,-0.17671717729254494,-1.5971122075753945,0.22934869633291846,1,
WAGE,Quark,PoS,27299680.0,120000000.0,-0.3599682696862954,1.4553403476217317,-0.2084720621116701,0,
GUN,NeoScrypt,PoW,299797953.0,500000000.0,-0.16974647537001578,-1.597225074712059,0.22917741869310823,1,
IRL,Scrypt,PoW,45483049.34,64000000.0,-0.16378164228484715,-1.1020810342913672,-0.011011979689300023,1,
TROLL,Scrypt,PoW/PoS,591022748.0,900000000.0,-0.3086987881360976,1.059577918307979,-0.48085949667379757,0,
LCP,Scrypt,PoW/PoS,2504486.228,4000000.0,-0.32225651422711665,1.0597730757106825,-0.4805199057013993,0,
MONK,X11,PoS,4407252.0,21000000.0,-0.3581663427453263,1.0412387906915481,-0.1689026459070723,0,
PCOIN,X11,PoW,8478104.34,23000000.0,-0.2277992658329555,-0.8924590539372963,0.07674573337093789,1,
UBTC,SHA-256,PoW,20166000.0,20166000.0,-0.14175995864330798,-1.3702755866907195,0.16052899061135792,1,
ITZ,C11,PoW,11916588.09,23000000.0,-0.1892751425289808,-1.2292734375145027,0.10958510057566286,1,
TPAY,POS 3.0,PoS,20445861.53,25000000.0,-0.3531526198046058,1.44739012416238,-0.15438375527778975,0,
MCT,Ethash,PoS,1618033.0,1618033.0,-0.2704052001637781,-0.17268071509618316,0.06236291747695667,1,
MBC,Scrypt,PoW and PoS,9399342.528,30000000.0,-0.29696859477918075,0.42381688609078133,-0.33902401975043833,0,
TRTL,CryptoNight,PoW,53139835214.0,1000000000000.0,8.046345068717885,-2.741373592584166,0.23651981224931995,1,
MUN,SkunkHash,PoW,4818338.989,16600000.0,-0.14664727447410272,-2.3116049866248054,0.3060322405763846,1,
USX,Scrypt,PoW/PoS,234846265.8,232000000.0,-0.3177966284758318,1.0597545119019145,-0.4806437211554103,0,
NBR,CryptoNight,PoW,133932467.8,336000000.0,0.3014699291242856,-2.296355031909912,0.3420364500059802,1,
SSS,Scrypt,PoW,10000000000.0,10000000000.0,0.02848808089920857,-1.1029542989078223,-0.01633042198951143,1,
TRF,Dagger,PoW,107325266.0,100000000.0,-0.14985637753627387,-2.2094416682121585,0.3955413109132694,1,
KREDS,Lyra2REv2,PoW,643795911.5,1100000000.0,-0.1822772644825815,-1.2707341567058001,0.22194520112796506,1,
TOKC,X13,PoS,230298925.0,800000000.0,-0.23128419210188358,1.5013253804685927,-0.33088612868204464,0,
BBP,Proof-of-BibleHash,POBh,1772091550.0,5200000000.0,-0.1929603693641044,3.0588605538944345,18.382647971190323,3,
LCC,SHA-256 + Hive,PoW + Hive,638382332.2,840000000.0,-0.6245440553586311,2.504789230840042,1.492223760057015,0,
FLIP,Scrypt,PoW,12446100.0,40000000.0,-0.16435602756715897,-1.1020823109164855,-0.010995060744026612,1,
LOT,Scrypt,PoW,14491014421.0,18406979840.0,0.14309017489133077,-1.1051736090491757,-0.01904983785093877,1,
CIF,X11,PoW,211297638.5,500000000.0,-0.22193274278584485,-0.8926045524762072,0.07661498513573041,1,
SPD,C11,PoW/PoS,11251342.19,19340594.0,-0.34683260114305886,0.9325703993604371,-0.3599465825315698,0,
POA,Proof-of-Authority,PoA,204479039.0,252460800.0,-0.5952020620507009,2.6762273568483868,7.188743601689438,0,
PUSHI,X11,PoW/PoS,2167827.1,25000000.0,-0.3853855809722439,1.269380024958304,-0.39278385462987353,0,
ELP,XEVAN,PoW/PoS,419275.38,60000000.0,-0.27400160811545976,1.612951757153425,-0.36246734821243287,0,
VLX,Scrypt,PoS,25570013.13,124000000.0,-0.2939023116048335,0.8315820067722299,-0.256658239613869,0,
ONT,VBFT,PoS,650848625.0,1000000000.0,-0.34682585910994973,1.56420369463963,-0.11411377938024501,0,
CLO,Ethash,PoW,247612453.0,6500000000.0,-0.09096148892414047,-2.109309152254387,0.30737202851177453,1,
TUBE,CryptoNight,PoW,80049082.91,1000000000.0,0.3055247614773925,-2.296684170211158,0.34200671168193486,1,
PSD,Scrypt,PoW,4070212.149,21000000.0,-0.1645933380874043,-1.1020766272565878,-0.010989718180011848,1,
ADK,IMesh,PoW,25000000.0,25000000.0,-0.17734465797796592,-2.240511275322807,0.26704762144242367,1,
BSX,NIST5,PoW/PoS,13787854.63,50000000.0,-0.3430420444792251,1.5377291606183285,-0.4641084974752217,0,
BRIA,Scrypt,PoW/PoS,845637.8135,3000000.0,-0.3222838992951282,1.0597729162164966,-0.4805190728911566,0,
IC,Scrypt,PoW/PoS,1182153.5,5000000.0,-0.32226558594813615,1.0597721126614674,-0.480519388371582,0,
BTL,Equihash,PoW,71355477.0,70000000.0,-0.13747862654053475,-2.14804887797348,0.30825387686506217,1,
MEDIC,Scrypt,PoS,267297676.3,500000000.0,-0.2882769863388669,0.8314981373430943,-0.2567983734893669,0,
ALPS,Lyra2Z,PoW,27340501.65,300000000.0,-0.14525308665044692,-2.2753540022832315,0.3672241202952607,1,
BITG,Green Protocol,PoS,9803691.362,21000000.0,-0.35782595609222595,1.3841863612897154,-0.14645339580257785,0,
DEV,PoS,PoS,21876586.85,88000000.0,-0.36775539839654475,1.540227685795377,-0.11889698995444044,0,
ABJ,Scrypt,PoW/PoS,9880502.372,30000000.0,-0.32198173774475725,1.059763759618927,-0.48052536620410635,0,
SEM,Semux BFT consensus,DPoS,1231147.0,100000000.0,3.8757621744741515,1.923617255648574,-0.6572126469069263,0,
FTO,X11,PoW,31801461.19,100000000.0,-0.22696741804194176,-0.8924860869934848,0.07672889206073807,1,
CARE,Quark,PoW/PoS,139739596.5,200000000.0,-0.3852455691429499,1.683489413438286,-0.4324114046016181,0,
NZL,PoS,PoS,11075254.09,80000000.0,-0.36794428004313,1.5402273396981372,-0.11889144585791725,0,
XMC,CryptoNight,PoW,16016864.0,18400000.0,0.2977732830811018,-2.2962517057125207,0.3421157490937207,1,
PROTON,X16R,PoS,4403800.0,45000000.0,-0.3319229198062461,0.6787439371299849,-0.08654731979175852,0,
DEAL,Scrypt,PoW/PoS,1404157529.0,5121951220.0,-0.2687831297285772,1.0579203262046968,-0.481572006153985,0,
JUMP,NIST5,PoW,21069346.25,21000000.0,-0.1856355268032391,-0.6240969939590074,0.005422852209170973,1,
INFX,Lyra2RE,PoW,5097689.711,26280000.0,-0.15654000867008258,-2.255495342141088,0.34664213462391175,1,
XBI,XEVAN,PoS/PoW,10904963.09,21000000.0,-0.22948041542141634,1.3998518026706241,-0.08760747285810334,0,
KEC,Tribus,PoW,795447.0,18000000.0,-0.1923554743212253,-2.2515545191433644,0.2769508716572692,1,
HWC,Scrypt,PoS,38706809.47,26000000.0,-0.29443736920574104,0.8316325364611064,-0.2566561983513539,0,
GIN,Lyra2Z,PoW,6986399.704,10500000.0,-0.14755717216985012,-2.275227010229909,0.36725694375900814,1,
PLTC,CryptoNight,PoW,84300.0,600000518.0,0.3017072568113662,-2.296528227102493,0.342075542027456,1,
LOKI,CryptoNight Heavy,PoW,19153632.0,150000000.0,0.589095728594024,-2.1454475993391213,0.37197810189992087,1,
NCP,CryptoNight,PoW,41294520017.0,184000000000.0,2.108662108292076,-2.3662846383406317,0.3084196756374832,1,
SIC,Scrypt,PoW/PoS,10200000000.0,10200000000.0,-0.12516965865170246,1.0588703682102611,-0.4859695899494462,0,
XT3,Scrypt,PoS,7630000.015,44000000.0,-0.294689623778754,0.831612462291309,-0.2566435917384999,0,
MGD,Jump Consistent Hash,PoW,135862416.0,168000000.0,-0.1664314537393891,-2.2618256630204048,0.491385314241002,1,
VIG,SHA-256D,PoW/PoS,33238183.72,100000000.0,-0.31621554229232646,1.8495932889099183,-0.6057188484381243,0,
PLURA,CryptoNight,PoW,560085952.4,1000000000.0,0.31139512025183824,-2.296503415606027,0.3417893089221393,1,
EMAR,Scrypt,PoW/PoS,21599339.67,84000000.0,-0.3214550795399527,1.059743055038843,-0.48053507658966593,0,
DKD,X15,PoS,30284196.37,90000000.0,-0.20286934907107357,1.6358721264990421,-0.3376963897524325,0,
LYNX,Scrypt,HPoW,77872059788.0,92000000000.0,2.2496039323277324,0.486722049985883,-0.4287271888026639,0,
POSQ,Quark,PoS,2716264.953,650000000.0,-0.3565064017854551,1.4550845699607986,-0.20850414389511826,0,
BWS,SHA-256,PoS,57811001.0,100262205.0,-0.27103408816157765,0.5633997800334068,-0.0851449752469632,0,
MUSE,DPoS,PoS,18194936.0,18081806.0,0.9831541919516483,1.6440357993400327,-0.4159629230644557,0,
XMN,X16R,PoW,8125865.021,22075700.0,-0.2017370471212496,-1.2549424456965663,0.15910324973318823,1,
PLUS1,HMQ1725,PoW,8645406.168,21000000.0,-0.1541234288249143,-2.2827748391231086,0.3129954065256697,1,
AXE,X11,PoW,4993030.697,21000000.0,-0.227856082815817,-0.8924594359502651,0.07674747479431186,1,
TRVC,X16R,PoW/PoS,36923120.62,82546564.0,-0.35847894538904923,0.906882655922325,-0.31044700565078504,0,
DTEM,Quark,PoS,7082392.247,21000000.0,-0.36091831259323615,1.4553787831918679,-0.20845483365876613,0,
GIC,Quark,PoW/PoS,5919489.768,5151000.0,-0.38826529514912833,1.6835296552577048,-0.4323349114712001,0,
PNY,Scrypt,PoS,1042012.452,16880000000.0,-0.1752505389944829,0.8237789880238636,-0.2580133872254093,0,
ABS,Lyra2REv2,PoW/PoS,13332617.94,52500000.0,-0.35494678679779085,0.8913580596159733,-0.24721614122928098,0,
VITAE,Quark,PoS,66053877.63,100000000.0,-0.3596363266319961,1.4553642429273315,-0.20848798264201912,0,
HEX,Scrypt,PoW,1416663.066,22105263.0,-0.1646179419520961,-1.102078140527616,-0.010988606541743075,1,
TPC,Scrypt,PoW/PoS,5403802.496,1000000000.0,-0.31515040219891993,1.0593108941074876,-0.48060243092960075,0,
WEBC,CryptoNight-V7,PoW,15580199.31,1750000000.0,-0.15202079802671017,-2.249757366412494,0.32231643036325086,1,
RYO,Cryptonight-GPU,PoW,4890897.0,88188888.0,-0.13030711157035985,-2.2255429885598645,0.4569384916722533,1,
URALS,XEVAN,PoW,14746153.1,210000000.0,-0.11523820217992631,-0.5489550034921743,0.10704621534500929,1,
QWC,CryptoNight Heavy,PoW,99553110529.0,184470000000.0,3.1147913483117935,-2.193702239971792,0.31187126153783296,1,
ARE,X11,PoS,19269509.94,55000000.0,-0.3577432247802009,1.0412285724221675,-0.16891214914261451,0,
EUNO,X11,PoW/PoS,30771125.98,50000000.0,-0.3848583156370547,1.2693791669887617,-0.3927988471680183,0,
MMO,Scrypt,PoS,107763867.9,260000000.0,-0.29193169387717777,0.8315496981024925,-0.25670655340500964,0,
KETAN,PoS,PoS,9327131.597,210000000.0,-0.36704278095454096,1.5401662140532226,-0.11890125413607534,0,
PPAI,SHA-256,PoW,2100000000.0,2100000000.0,-0.10156087018447123,-1.3704598406098043,0.1594174733577844,1,
XDNA,Keccak,PoW/PoS,4672513.844,366000000.0,-0.3320793686331809,0.921232328631527,-0.3153071421190369,0,
PAXEX,X11,PoS,4504639.0,100000000.0,-0.35760432664889613,1.0412020817873053,-0.16890913153948267,0,
AZART,X11,PoW,5015881.373,25000000.0,-0.22782740716518454,-0.8924612878814245,0.07674713829225528,1,
TSC,Scrypt,PoW/PoS,1059954080.0,18000000000.0,-0.18157043970228584,1.0518007022550087,-0.4824661750937134,0,
KCASH,SHA-512,Zero-Knowledge Proof,1000000000.0,1000000000.0,-0.5759558202798467,1.8724185179357198,-0.21673118017064158,0,
XCG,X16R,PoW,9753753.615,100000000.0,-0.20116395101026563,-1.2549780779563964,0.159096158666307,1,
AAC,ECC 256K1,DPOS,1000000000.0,1000000000.0,-0.46658210925203714,2.9965535272640578,10.832372224326225,3,
CRYP,Equihash,PoW,4235111504.0,7600000000.0,-0.033104293187468575,-2.1499835020133817,0.3057541797420538,1,
BTXC,XEVAN,PoS,6787405.18,50000000.0,-0.2467744743758495,1.3848148683254433,-0.13858752009910313,0,
ACM,Lyra2Z,PoW,13634850.0,84000000.0,-0.14695408807468763,-2.2752586941397923,0.36724793969181546,1,
BSV,SHA-256,PoW,17992514.65,21000000.0,-0.14178061753101015,-1.3702767930234219,0.160529906953029,1,
BITM,XEVAN,Pos,208515864.4,70000000000.0,0.6175528834219784,1.5269406415237705,-0.027632108482334376,0,
JMC,X11,PoS,17209923728.0,0.0,-0.14790959564474557,1.0477271782385307,-0.1766930991699541,0,
FRED,CryptoNight,PoW,1867054873.0,8080000000.0,0.37763930244738486,-2.2993044330870505,0.3406201075817863,1,
HERB,Quark,PoW/PoS,35312185.74,54000000.0,-0.38755907099199083,1.6835180015529063,-0.432352206124844,0,
UMO,Blake,PoW,1578281.313,105120001.4,-0.1470657539113107,-2.183278161568686,0.3545057245189595,1,
LIT,Blake,PoW,15846721.25,25228800.0,-0.1474584173579071,-2.1832356287824672,0.3545057767131283,1,
PIRATE,Equihash,PoS,13475920.0,105000000.0,-0.2682410638003845,-0.21438850459761175,0.06262684996601135,1,
EXO,Exosis,PoW,406091.925,21000000.0,-0.135041377781815,-2.270143356735586,0.3709800402725983,1,
BLTG,Scrypt,PoW,35284717.17,120000000.0,-0.16350881048775182,-1.1021109218996594,-0.011011927136572931,1,
OWC,Scrypt,PoW/PoS,14777549.39,21000000.0,-0.32198574335339364,1.0597697897732483,-0.4805268501712682,0,
BEAM,Equihash,PoW,35687520.0,262800000.0,-0.13654611175137416,-2.148151986306626,0.30825430985403257,1,
GALI,Quark,PoW/PoS,18265011.25,19035999.0,-0.38801575174030023,1.6835278454963833,-0.4323416347646068,0,
BTH,Equihash,PoW,25150787.5,30886000.0,-0.13832133486586953,-2.1480480827881308,0.30827799168708303,1,
CSPN,Quark,PoS,1934701.675,13370000.0,-0.3610354293425905,1.455380393835459,-0.20845188019602862,0,
CREDIT,Scrypt,PoW/PoS,30825710000.0,74800000000.0,0.5856604251411784,1.0365891913408962,-0.5005780941318576,0,
SLC,QuBit,PoW,12925790.42,100000000.0,-0.2006512439912209,-1.5676925066862868,0.186874450849602,1,
DASHP,X11,PoS,715659.4424,19700000.0,-0.3582207159059868,1.0412380053215933,-0.16890086803065824,0,
NSD,Scrypt,PoW/PoS,20546528.21,84000000.0,-0.32146795434475384,1.059742658609877,-0.48053459978437996,0,
BEET,XEVAN,PoW/PoS,198938144.4,500000000.0,-0.26845034273911816,1.6128218491811095,-0.3625931318118718,0,
TTN,SHA-256D,PoW/PoS,896361168.0,5000000000.0,-0.27087507547094225,1.8476391360793796,-0.6065092839135514,0,
AWR,X11,PoW/PoS,15420234.54,420000000.0,-0.38241939184946305,1.2692012871885638,-0.39282206411647586,0,
BLAST,SHA-256,PoW,52293836.63,64000000.0,-0.14105588826867493,-1.3702838778506905,0.1605108661610053,1,
XRC,X13,PoW,1170292.5,2100000.0,-0.10944743796336225,-0.4320882132620916,-0.08506691374242621,1,
GLT,SHA-256,PoW,84613100.0,168000000.0,-0.13992235534416075,-1.370320082173832,0.160487749181469,1,
INSN,X11,PoW/PoS,23775960.32,30000000.0,-0.3850858403930095,1.2693858356840284,-0.39279404837768617,0,
ALX,DPoS,DPoS,1000000000.0,1000000000.0,3.689448753587938,1.8263899299839625,-0.7057231991005649,0,
LDOGE,Scrypt,PoW/PoS,15318887081.0,35000000000.0,0.11348558621498965,1.0492625305469674,-0.49031002084571845,0,
SLR,Scrypt,PoW,55565076.39,98100000000.0,0.5323043686108959,-1.147677100715268,-0.019010236159847777,1,
TRK,X11,PoW/PoS,242574105.2,0.0,-0.3826231349727345,1.269482176647045,-0.39289069320130415,0,
UFO,NeoScrypt,PoW,3824685012.0,4000000000.0,-0.1017940363886107,-1.597525771058011,0.2272956568399472,1,
OC,Scrypt,PoW/PoS,3537150.0,200000000.0,-0.3208524715035873,1.0596822983173273,-0.4805363548921787,0,
BLC,Blake,PoW,23356790.15,7000000000.0,-0.09785230948161507,-2.1864770031428082,0.353933664390734,1,
BITS,Scrypt,PoW/PoS,20576532.0,54256119.0,-0.3216787408041049,1.059756504793672,-0.48053218810672754,0,
NEOS,SHA-256,PoS,4392258.246,21000000.0,-0.2722500311802811,0.563416533105684,-0.08511431965240011,0,
HYPER,Scrypt,PoW/PoS,9631199.993,0.0,-0.32219775803445294,1.0597776197615096,-0.48052280714863316,0,
PINK,X11,PoW/PoS,436353624.5,500000000.0,-0.37670388383025477,1.2693225760735747,-0.39301922270690426,0,
CESC,Scrypt,PoW,780210700.0,1000000000.0,-0.14815196316038678,-1.102239742901375,-0.01142104861789193,1,
ADC,Scrypt,PoW/PoS,980732529.0,10500000000.0,-0.23578213234923412,1.0552593758436852,-0.4818187592558071,0,
NKA,SHA-256,PoW/PoS,17939725045.0,190000000.0,-0.07893980739311025,0.7982352906103372,-0.31713268675167394,0,
PIGGY,X11,PoW/PoS,494240666.0,1000000000.0,-0.37244645837271034,1.2691118061155717,-0.3930862081903941,0,
CRW,SHA-256,PoW,22986929.09,42000000.0,-0.14157046085870906,-1.3702846802217539,0.16052593273985627,1,
GEN,Scrypt,PoW/PoS,60000000.0,15000000.0,-0.3214753134604566,1.0597896087813485,-0.4805468416298134,0,
SMLY,Scrypt,PoW,29583989323.0,50000000000.0,0.5519422955021887,-1.1141854357178953,-0.028461301165981227,1,
MI,Scrypt,PoW/PoS,404316475.5,400000000.0,-0.31453154072178874,1.0597401822642294,-0.48073417055417306,0,
GRS,Groestl,PoW,73298203.89,105000000.0,-0.18621724002977497,-1.1839348623403476,0.11931183182339264,1,
CPC,X11,PoW/PoS,201364327.4,208000000.0,-0.38165048537130963,1.269369911544504,-0.3928889897726682,0,
CLUB,Scrypt,PoW/PoS,103621876.2,160000000.0,-0.3199125000131116,1.059738589891774,-0.48057842049387556,0,
RADS,PoS,PoS,3821245.742,9000000.0,-0.36853702186101084,1.5402576327546316,-0.11888237138676672,0,
BTA,Scrypt,PoW,5052555.92,5000000.0,-0.1646949098713624,-1.1020688152200473,-0.010988858458281198,1,
PAK,Scrypt,PoW,69684455.44,182000000.0,-0.1626479956962017,-1.1021268072122172,-0.011032561728140173,1,
CRB,X11,Proof of Trust,16901016.66,16504333.0,-0.40879465387224023,0.8059659927847773,-0.07488607451253407,0,
OK,SHA-256,PoW/PoS,74676064.95,105000000.0,-0.2980144604305122,0.7915478647915448,-0.30903489631499104,0,
LSK,DPoS,DPoS,120012140.0,159918400.0,3.6727236207900282,1.826449326958808,-0.7052561646450415,0,
XHI,Scrypt,PoS,10000244678.0,10008835635.0,-0.10174929875891,0.8307401306838084,-0.26198163923726836,0,
XWC,Scrypt,PoW/PoS,252005564.2,300000000.0,-0.31710405227335325,1.0597293440163165,-0.4806570369949396,0,
FSC,NeoScrypt,PoW/PoS,1120385.005,60168145.0,-0.33404473030391585,0.5647094262313048,-0.2401837335526583,0,
J,Multiple,PoW,3332922.5,2800000.0,-0.12791453536031447,-1.8479769994240305,0.28451116497306184,1,
TRI,X13,PoW/PoS,140777.7534,120000.0,-0.26699742902049606,1.7297547053013125,-0.5545985688127428,0,
VOLLAR,Equihash+Scrypt,PoW,100000000.0,2100000000.0,-0.1282999735727514,-2.23219913210289,0.26166993170649383,1,
EOS,DPoS,DPoS,1020544523.0,0.0,3.682600939468799,1.8268627997401652,-0.7056509651438841,0,
RCC,Ethash,PoW,24487944.1,24487944.0,-0.13966007344040612,-2.106381188370012,0.3080010811963937,1,
OXY,DPoS,DPoS,1122382283.0,0.0,3.683846310868335,1.826901146053264,-0.7056970862055825,0,
TCH,SHA-256,PoS,1000000000.0,1000000000.0,-0.2531247967384273,0.5633360563566563,-0.08564504409460791,0,
WAVES,Leased POS,LPoS,100000000.0,100000000.0,-0.4198118317351437,2.7385149199218977,15.455339736521825,3,
PART,PoS,PoS,9283137.556,8634140.0,-0.3684728257830954,1.5402598595665693,-0.11888481517839325,0,
BTT,TRC10,DPoS,989989000000.0,990000000000.0,34.0696102609413,1.6311891021633385,-1.752550803427376,2,
NXT,PoS,PoS/LPoS,1000000000.0,1000000000.0,-0.3811993398147455,1.6959916803311608,0.05082101066037282,0,
ZEPH,SHA-256,DPoS,1999999995.0,2000000000.0,2.4535206339417446,0.7456886277174494,-0.3754150347499139,0,
GAP,Scrypt,PoW/PoS,14931046.15,250000000.0,-0.32035818320618115,1.0596633319182978,-0.48054559196264407,0,
BDX,CryptoNight,PoW,980222595.0,1400222610.0,0.31937416201110375,-2.296531373108278,0.3415664007560501,1,
ZEN,Equihash,PoW,7296537.5,21000000.0,-0.1386098552727194,-2.1480502073707415,0.30828688374383983,1,
XBC,Scrypt,PoS,128326.9963,1000000.0,-0.2950866208096063,0.8316296383433848,-0.2566366881759599,0,
